yvanhuele, 2017-05-19
Yannick Van Huele, 2017-08-27
unknown, 2016-06-29
Taylor Miller, 2017-02-17
taylorlarsen, 2017-04-03
NateGarrettHC, 2017-08-09
Nate Garrett, 2017-08-09
mmastand, 2016-12-13
Mike Mastanduno, 2016-12-08
Michael Mastanduno, 2016-12-07
Michael Levy, 2017-06-30
Marvin Wright, 2017-03-28
Levi Thatcher, 2016-06-29
HQCATALYSTgerrit.boogert, 
HQCATALYSTchangsu.lee, 
Hanlei-Zhu, 2017-06-14
gboogert, 2017-01-09
Ethan Taft, 2017-06-06
davidwhealey, 2016-10-08
David Healey, 2016-10-07
Dason Kurkiewicz, 2017-02-27
claire-khodadad, 2016-07-18
Claire Khodadad, 2016-06-30
aylr, 2017-02-23
Aylr, 2017-02-17
